{"stats":{"minecraft:crafted":{"minecraft:oak_planks":12,"sophisticatedbackpacks:backpack":1,"iceandfire:silver_ingot":2,"minecraft:crafting_table":3,"minecraft:spruce_planks":36,"minecraft:wooden_pickaxe":2,"minecraft:iron_sword":1,"minecraft:furnace":1,"iceandfire:armor_copper_metal_leggings":2,"minecraft:copper_ingot":81,"mcdw:sword_katana":1,"iceandfire:armor_copper_metal_helmet":2,"minecraft:air":0,"iceandfire:armor_copper_metal_boots":2,"biomesoplenty:fir_planks":256,"iceandfire:copper_axe":1,"sophisticatedbackpacks:copper_backpack":1,"minecraft:charcoal":5,"minecraft:shield":1,"minecraft:stick":36,"minecraft:iron_ingot":10,"iceandfire:armor_copper_metal_chestplate":2,"minecraft:iron_pickaxe":1,"minecraft:stone_pickaxe":9,"minecraft:torch":8,"iceandfire:silver_sword":1},"minecraft:killed":{"minecraft:spider":1,"minecraft:sheep":1},"minecraft:broken":{"minecraft:stone_pickaxe":3,"minecraft:wooden_pickaxe":2},"minecraft:dropped":{"minecraft:player_head":1,"minecraft:diorite":128,"minecraft:bundle":1,"minecraft:redstone":3,"minecraft:bone":4},"minecraft:mined":{"iceandfire:silver_ore":7,"pamhc2trees:pampomegranate":1,"minecraft:spruce_door":1,"iceandfire:frozen_cobblestone":1,"minecraft:crafting_table":1,"minecraft:torch":2,"minecraft:granite":8,"minecraft:blast_furnace":1,"minecraft:calcite":1,"biomesoplenty:fir_planks":2,"minecraft:chest":2,"minecraft:copper_ore":44,"minecraft:cobblestone":3,"minecraft:cyan_bed":1,"minecraft:diorite":232,"minecraft:blue_bed":1,"minecraft:black_stained_glass_pane":2,"minecraft:purple_bed":1,"biomesoplenty:toadstool":1,"minecraft:iron_ore":10,"minecraft:sweet_berry_bush":4,"minecraft:spruce_log":9,"biomesoplenty:fir_log":128,"minecraft:yellow_bed":1,"minecraft:grass":4,"minecraft:bookshelf":6,"minecraft:oak_log":38,"minecraft:coal_ore":22,"minecraft:cyan_carpet":1,"minecraft:gravel":65,"minecraft:dirt":1,"minecraft:cobweb":12,"minecraft:smooth_quartz_stairs":1,"minecraft:stripped_mangrove_wood":3,"minecraft:stone":271,"minecraft:player_head":1,"minecraft:deepslate":204},"minecraft:used":{"minecraft:diorite":7,"iceandfire:silver_sword":2,"minecraft:spruce_door":1,"iceandfire:armor_copper_metal_leggings":1,"minecraft:stone_pickaxe":542,"minecraft:wooden_pickaxe":132,"minecraft:shield":6,"biomesoplenty:fir_planks":4,"minecraft:blue_bed":1,"minecraft:torch":8,"minecraft:stripped_mangrove_wood":3,"iceandfire:armor_copper_metal_boots":1,"minecraft:crafting_table":4,"mcdw:sword_katana":19,"minecraft:bread":1,"minecraft:iron_pickaxe":132,"minecraft:gravel":12,"minecraft:cobblestone":17,"minecraft:sweet_berries":13,"minecraft:furnace":1,"tombstone:gift":4,"minecraft:egg":3,"minecraft:yellow_bed":1},"minecraft:killed_by":{"iceandfire:ice_dragon":1,"minecraft:skeleton":1},"minecraft:picked_up":{"minecraft:crafting_table":1,"minecraft:feather":2,"minecraft:chicken":1,"minecraft:leather":7,"biomesoplenty:fir_log":158,"minecraft:potion":1,"minecraft:flint":6,"minecraft:tuff":1,"minecraft:oak_log":38,"minecraft:yellow_bed":1,"skilltree:gem":14,"minecraft:string":13,"minecraft:dirt":10,"minecraft:blue_bed":1,"minecraft:raw_copper":175,"minecraft:iron_leggings":1,"minecraft:bone":4,"minecraft:cyan_carpet":1,"minecraft:wheat_seeds":1,"minecraft:cobbled_deepslate":201,"biomesoplenty:fir_planks":1,"minecraft:player_head":1,"minecraft:calcite":1,"minecraft:chest":2,"minecraft:egg":2,"minecraft:book":18,"biomesoplenty:toadstool":1,"minecraft:stick":1,"minecraft:raw_iron":10,"minecraft:stripped_mangrove_wood":3,"minecraft:sweet_berries":11,"minecraft:copper_ingot":4,"minecraft:torch":3,"minecraft:gravel":59,"minecraft:blast_furnace":1,"minecraft:diorite":232,"minecraft:spruce_log":9,"minecraft:cyan_bed":1,"minecraft:redstone":3,"minecraft:spruce_door":1,"minecraft:spider_eye":1,"minecraft:bundle":1,"minecraft:purple_bed":1,"minecraft:rotten_flesh":9,"additionaladditions:glow_stick":1,"minecraft:granite":8,"minecraft:mutton":2,"minecraft:coal":22,"minecraft:rail":1,"iceandfire:raw_silver":7,"minecraft:white_wool":1,"minecraft:cobblestone":274},"minecraft:custom":{"minecraft:interact_with_furnace":17,"minecraft:mob_kills":2,"minecraft:interact_with_crafting_table":24,"minecraft:open_barrel":9,"minecraft:eat_cake_slice":9,"minecraft:leave_game":11,"minecraft:time_since_death":45060,"minecraft:sleep_in_bed":6,"minecraft:climb_one_cm":742,"minecraft:time_since_rest":402,"minecraft:sprint_one_cm":67159,"minecraft:damage_taken":660,"minecraft:walk_one_cm":163999,"minecraft:damage_blocked_by_shield":300,"minecraft:drop":6,"minecraft:damage_dealt":160,"minecraft:swim_one_cm":4613,"minecraft:fly_one_cm":26084,"minecraft:open_chest":10,"minecraft:crouch_one_cm":28465,"minecraft:play_time":159572,"minecraft:deaths":2,"minecraft:sneak_time":31440,"minecraft:walk_under_water_one_cm":5725,"minecraft:jump":531,"minecraft:interact_with_blast_furnace":11,"minecraft:walk_on_water_one_cm":6282,"minecraft:total_world_time":159572,"minecraft:fall_one_cm":6745}},"DataVersion":3465}