{"stats":{"minecraft:crafted":{"biomesoplenty:fir_trapdoor":2,"minecraft:oak_slab":6,"minecraft:oak_planks":16,"minecraft:crafting_table":1,"minecraft:wooden_pickaxe":1,"biomesoplenty:fir_planks":60,"handcrafted:oak_bench":2,"biomesoplenty:fir_slab":12,"minecraft:stick":4,"minecraft:wooden_axe":1,"biomesoplenty:fir_door":3},"minecraft:picked_up":{"minecraft:crafting_table":2,"handcrafted:light_gray_cushion":1,"biomesoplenty:fir_sapling":4,"biomesoplenty:fir_log":71,"handcrafted:white_crockery_combo":1,"minecraft:oak_log":4,"biomesoplenty:fir_trapdoor":1,"handcrafted:red_cushion":2,"biomesoplenty:fir_door":1,"minecraft:string":1,"minecraft:red_bed":1,"handcrafted:red_sheet":5,"handcrafted:magenta_sheet":1,"minecraft:wheat_seeds":1,"biomesoplenty:fir_planks":5,"minecraft:rabbit_hide":1,"handcrafted:cyan_sheet":1,"minecraft:egg":1,"minecraft:stick":3,"iceandfire:dragonbone":49,"minecraft:sweet_berries":39,"minecraft:gravel":1,"pamhc2foodcore:pumpkinbreaditem":2,"iceandfire:dragon_skull_ice":2,"handcrafted:pink_sheet":2,"iceandfire:dragon_ice":1,"handcrafted:lime_sheet":1,"minecraft:oak_sapling":1,"pamhc2foodcore:chocolatecakeitem":3},"minecraft:killed_by":{"iceandfire:ice_dragon":1},"minecraft:mined":{"minecraft:red_bed":1,"minecraft:powder_snow":40,"minecraft:crafting_table":2,"biomesoplenty:fir_planks":5,"biomesoplenty:fir_log":71,"minecraft:grass":6,"biomesoplenty:fir_door":1,"minecraft:oak_log":4,"biomesoplenty:rainbow_birch_leaves":1,"biomesoplenty:fir_leaves":201,"biomesoplenty:fir_trapdoor":1,"minecraft:oak_leaves":5},"minecraft:used":{"handcrafted:dark_oak_side_table":1,"handcrafted:white_plate":8,"handcrafted:light_blue_cushion":2,"handcrafted:yellow_plate":1,"biomesoplenty:fir_planks":25,"handcrafted:oak_bench":2,"handcrafted:cherry_fancy_bed":4,"handcrafted:stackable_book":11,"handcrafted:fox_trophy":1,"handcrafted:dark_oak_pillar_trim":2,"biomesoplenty:fir_slab":9,"minecraft:crafting_table":3,"minecraft:red_bed":1,"handcrafted:cyan_cushion":1,"minecraft:wooden_axe":19,"handcrafted:crimson_fancy_bed":1,"pamhc2foodcore:friedchickenitem":1,"minecraft:grass_block":1,"handcrafted:dark_oak_fancy_bed":1,"handcrafted:dark_oak_couch":1,"handcrafted:dark_oak_dining_bench":3,"handcrafted:white_crockery_combo":2,"minecraft:gravel":1,"handcrafted:dark_oak_bench":1,"handcrafted:dark_oak_desk":1,"handcrafted:dark_oak_corner_trim":2,"handcrafted:white_cup":7,"biomesoplenty:fir_door":2,"minecraft:oak_sapling":1,"handcrafted:berry_jam_jar":2,"handcrafted:white_bowl":1,"biomesoplenty:fir_trapdoor":3,"handcrafted:light_gray_cushion":1,"minecraft:potato":5,"handcrafted:dark_oak_table":4,"biomesoplenty:fir_log":33},"minecraft:custom":{"minecraft:interact_with_crafting_table":13,"minecraft:leave_game":2,"minecraft:time_since_death":164116,"minecraft:sleep_in_bed":1,"minecraft:time_since_rest":56329,"minecraft:waystone_activated":2,"minecraft:sprint_one_cm":53455,"minecraft:damage_taken":242,"minecraft:walk_one_cm":88581,"minecraft:drop":8,"minecraft:damage_dealt":10,"minecraft:swim_one_cm":6918,"minecraft:talked_to_villager":2,"minecraft:fly_one_cm":1437360,"minecraft:open_chest":1,"minecraft:crouch_one_cm":11591,"minecraft:play_time":170648,"minecraft:deaths":2,"minecraft:sneak_time":12042,"minecraft:walk_under_water_one_cm":12530,"minecraft:jump":421,"minecraft:walk_on_water_one_cm":2929,"minecraft:total_world_time":170648,"minecraft:fall_one_cm":6476,"minecraft:inspect_dispenser":1},"minecraft:dropped":{"minecraft:sweet_berries":3,"biomesoplenty:fir_sapling":3,"tombstone:grave_key":2}},"DataVersion":3465}