{"stats":{"minecraft:custom":{"minecraft:time_since_rest":4261,"minecraft:open_chest":2,"minecraft:crouch_one_cm":1653,"minecraft:deaths":0,"minecraft:play_time":5842,"minecraft:damage_taken":480,"minecraft:walk_one_cm":373,"minecraft:sneak_time":718,"minecraft:leave_game":2,"minecraft:time_since_death":4216,"minecraft:total_world_time":5842,"minecraft:interact_with_crafting_table":1},"minecraft:picked_up":{"minecraft:oak_log":7,"minecraft:chest":1,"minecraft:dirt":13},"minecraft:mined":{"minecraft:grass_block":13,"minecraft:oak_log":7,"minecraft:chest":1},"minecraft:used":{"minecraft:oak_slab":6,"minecraft:crafting_table":1,"minecraft:oak_planks":4,"minecraft:wooden_shovel":2},"minecraft:crafted":{"minecraft:oak_slab":6,"minecraft:oak_planks":12,"minecraft:crafting_table":1}},"DataVersion":3700}