{"stats":{"minecraft:killed":{"minecraft:cave_spider":3,"minecraft:pig":1,"mca:male_zombie_villager":1,"minecraft:creeper":1,"minecraft:goat":1,"minecraft:zombie":6,"minecraft:cow":1},"minecraft:picked_up":{"minecraft:crafting_table":3,"minecraft:andesite":16,"minecraft:jungle_log":1,"minecraft:leather":4,"minecraft:oak_log":86,"minecraft:string":4,"minecraft:lapis_lazuli":102,"skilltree:gem":37,"minecraft:dirt":27,"minecraft:raw_copper":185,"minecraft:bone":1,"minecraft:wheat_seeds":2,"minecraft:gold_nugget":144,"minecraft:cobbled_deepslate":29,"minecraft:raw_gold":1,"minecraft:beef":6,"minecraft:stone_pickaxe":1,"minecraft:rose_bush":2,"minecraft:jungle_sapling":1,"minecraft:gray_bed":1,"minecraft:sugar_cane":2,"iceandfire:chared_stone":137,"minecraft:raw_iron":55,"minecraft:sweet_berries":8,"minecraft:torch":19,"minecraft:dandelion":1,"botania:black_mushroom":1,"minecraft:porkchop":3,"minecraft:blast_furnace":1,"tombstone:grave_dust":1,"minecraft:diorite":110,"minecraft:redstone":4,"minecraft:spider_eye":1,"iceandfire:chared_cobblestone":179,"biomesoplenty:maple_sapling":4,"minecraft:rotten_flesh":9,"botania:light_gray_mystical_flower":1,"minecraft:granite":20,"minecraft:emerald":10,"minecraft:coal":155,"iceandfire:silver_nugget":42,"iceandfire:raw_silver":12,"minecraft:cobblestone":741},"minecraft:custom":{"minecraft:interact_with_furnace":27,"minecraft:mob_kills":15,"minecraft:open_barrel":2,"minecraft:interact_with_crafting_table":25,"minecraft:leave_game":1,"minecraft:time_since_death":20781,"minecraft:time_since_rest":20346,"minecraft:waystone_activated":1,"minecraft:sprint_one_cm":156619,"minecraft:damage_taken":1213,"minecraft:walk_one_cm":178918,"minecraft:drop":6,"minecraft:damage_dealt":2601,"minecraft:swim_one_cm":493,"minecraft:fly_one_cm":134672,"minecraft:open_chest":85,"tombstone:undead_killed":7,"minecraft:crouch_one_cm":5547,"minecraft:play_time":68221,"minecraft:deaths":3,"minecraft:sneak_time":5433,"minecraft:walk_under_water_one_cm":1906,"minecraft:jump":1084,"minecraft:interact_with_blast_furnace":7,"minecraft:walk_on_water_one_cm":2307,"minecraft:total_world_time":68221,"minecraft:fall_one_cm":21885},"minecraft:mined":{"iceandfire:silver_ore":12,"minecraft:torch":5,"minecraft:crafting_table":3,"iceandfire:dragon_ice_spikes":1,"minecraft:granite":21,"botania:black_mushroom":1,"minecraft:blast_furnace":1,"minecraft:emerald_ore":10,"minecraft:grass_block":10,"minecraft:copper_ore":49,"minecraft:lapis_ore":16,"minecraft:sugar_cane":1,"minecraft:diorite":110,"minecraft:wall_torch":11,"minecraft:deepslate_copper_ore":5,"minecraft:redstone_ore":1,"minecraft:iron_ore":51,"minecraft:gray_bed":1,"minecraft:spruce_log":10,"minecraft:andesite":16,"minecraft:deepslate_iron_ore":3,"iceandfire:gold_pile":18,"minecraft:grass":4,"minecraft:oak_log":84,"minecraft:coal_ore":155,"iceandfire:silver_pile":5,"minecraft:dirt_path":2,"biomesoplenty:webbing":15,"minecraft:dirt":33,"biomesoplenty:stringy_cobweb":1,"biomesoplenty:spider_egg":3,"minecraft:stone":739,"iceandfire:chared_stone":201,"iceandfire:chared_cobblestone":180,"minecraft:deepslate":29,"minecraft:fern":3},"minecraft:killed_by":{"iceandfire:ice_dragon":2,"iceandfire:fire_dragon":1},"minecraft:dropped":{"minecraft:sweet_berries":2,"biomesoplenty:maple_sapling":1,"tombstone:grave_key":1,"minecraft:chain":3,"minecraft:stone_pickaxe":1,"minecraft:dandelion":1},"minecraft:crafted":{"minecraft:cooked_beef":2,"minecraft:wooden_sword":2,"minecraft:oak_planks":280,"minecraft:crafting_table":2,"minecraft:wooden_pickaxe":2,"minecraft:baked_potato":8,"minecraft:furnace":2,"minecraft:stone_axe":2,"minecraft:air":0,"minecraft:stick":56,"minecraft:iron_ingot":54,"minecraft:iron_pickaxe":1,"minecraft:stone_pickaxe":11,"minecraft:wooden_axe":2,"minecraft:stone_sword":2,"minecraft:chest":4,"minecraft:torch":32},"minecraft:used":{"minecraft:diorite":2,"minecraft:stone_sword":67,"minecraft:stone_pickaxe":1350,"minecraft:baked_potato":8,"minecraft:chest":4,"minecraft:wooden_pickaxe":118,"minecraft:torch":48,"minecraft:crafting_table":5,"minecraft:blast_furnace":1,"minecraft:wooden_axe":19,"minecraft:bread":5,"minecraft:iron_pickaxe":203,"minecraft:stone_axe":54,"minecraft:wooden_sword":2,"minecraft:cobblestone":10,"iceandfire:chared_stone":1,"minecraft:sweet_berries":5,"minecraft:furnace":2,"minecraft:gray_bed":1,"tombstone:gift":1,"minecraft:cooked_beef":2,"minecraft:cobbled_deepslate":2},"minecraft:broken":{"minecraft:stone_pickaxe":10,"minecraft:wooden_pickaxe":2}},"DataVersion":3465}