{"stats":{"minecraft:crafted":{"minecraft:furnace":3,"minecraft:iron_boots":1,"minecraft:iron_axe":1,"minecraft:stone_pickaxe":1,"minecraft:chest":1,"sophisticatedbackpacks:iron_backpack":1,"minecraft:cooked_beef":8,"minecraft:diamond_sword":1,"biomesoplenty:fir_boat":1,"sophisticatedbackpacks:backpack":1,"minecraft:crafting_table":6,"minecraft:wooden_pickaxe":1,"minecraft:iron_sword":1,"minecraft:cooked_salmon":12,"sophisticatedbackpacks:gold_backpack":1,"minecraft:bread":2,"minecraft:air":0,"biomesoplenty:fir_planks":88,"minecraft:iron_chestplate":1,"minecraft:diamond_pickaxe":1,"minecraft:shield":1,"sophisticatedbackpacks:diamond_backpack":1,"minecraft:stick":72,"minecraft:iron_ingot":50,"minecraft:iron_pickaxe":1,"minecraft:stone_sword":1,"minecraft:gold_ingot":13,"minecraft:torch":140},"minecraft:broken":{"minecraft:wooden_pickaxe":1,"minecraft:iron_sword":1,"minecraft:iron_pickaxe":1},"minecraft:killed":{"minecraft:cave_spider":2,"minecraft:spider":5,"iceandfire:stymphalian_bird":1,"minecraft:skeleton":33,"artifacts:mimic":1,"minecraft:magma_cube":1,"minecraft:husk":17,"minecraft:salmon":12,"minecraft:creeper":1,"minecraft:sheep":3,"minecraft:zombie":13,"minecraft:cow":4},"minecraft:dropped":{"minecraft:iron_sword":1,"biomesoplenty:maple_sapling":1,"minecraft:oak_fence":3,"minecraft:leather":7,"minecraft:rail":6,"tombstone:grave_key":1,"minecraft:potion":1,"minecraft:bone_meal":1,"minecraft:cyan_carpet":3,"minecraft:stone_sword":2,"minecraft:cobbled_deepslate":2,"minecraft:rotten_flesh":14,"additionaladditions:glow_stick":1,"minecraft:cyan_wool":7,"minecraft:stone_pickaxe":1},"minecraft:used":{"minecraft:stone_sword":22,"minecraft:shield":84,"additionaladditions:rope":6,"minecraft:iron_sword":244,"minecraft:cooked_salmon":8,"minecraft:player_head":1,"minecraft:iron_chestplate":1,"minecraft:torch":162,"additionaladditions:glow_stick":3,"minecraft:dirt":9,"minecraft:diamond_helmet":1,"minecraft:tuff":12,"minecraft:granite":7,"minecraft:spruce_fence":1,"minecraft:iron_axe":10,"minecraft:iron_boots":1,"minecraft:furnace":6,"tombstone:gift":4,"minecraft:cooked_beef":8,"minecraft:cobbled_deepslate":77,"pamhc2crops:huckleberryitem":1,"minecraft:diorite":2,"minecraft:stone_pickaxe":113,"minecraft:wooden_pickaxe":59,"biomesoplenty:fir_boat":1,"minecraft:salmon":1,"minecraft:crafting_table":7,"mcda:wolf_armor_helmet":1,"tombstone:bag_of_seeds":2,"waystones:waystone":1,"minecraft:diamond_pickaxe":166,"minecraft:apple":5,"minecraft:bread":4,"minecraft:iron_pickaxe":249,"minecraft:cyan_carpet":1,"minecraft:gravel":1,"minecraft:diamond_sword":195,"minecraft:cobblestone":61,"minecraft:andesite":10,"minecraft:pumpkin_pie":16},"minecraft:mined":{"minecraft:tuff":26,"iceandfire:silver_ore":5,"minecraft:deepslate_diamond_ore":20,"minecraft:granite":7,"minecraft:grass_block":3,"additionaladditions:rope":5,"minecraft:spruce_leaves":1,"minecraft:spawner":15,"minecraft:hay_block":12,"minecraft:redstone_ore":1,"minecraft:furnace":5,"additionaladditions:glow_stick":2,"minecraft:iron_ore":42,"minecraft:cobbled_deepslate":3,"minecraft:andesite":10,"minecraft:deepslate_iron_ore":63,"minecraft:rail":1,"minecraft:stone":96,"minecraft:powder_snow":30,"minecraft:crafting_table":1,"minecraft:calcite":3,"biomesoplenty:high_grass_plant":3,"minecraft:tall_grass":1,"minecraft:cobblestone":1,"minecraft:lapis_ore":1,"minecraft:deepslate_gold_ore":14,"minecraft:diorite":2,"minecraft:cyan_wool":8,"biomesoplenty:fir_log":55,"minecraft:grass":3,"minecraft:coal_ore":78,"pamhc2crops:frostgarden":1,"minecraft:gravel":1,"minecraft:cyan_carpet":2,"minecraft:dirt":6,"minecraft:cobweb":6,"minecraft:oak_leaves":1,"minecraft:deepslate":182,"minecraft:fern":2},"minecraft:killed_by":{"iceandfire:ice_dragon":1},"minecraft:picked_up":{"minecraft:crafting_table":1,"minecraft:potion":1,"minecraft:string":18,"minecraft:cyan_carpet":4,"additionaladditions:chicken_nugget":1,"minecraft:cobbled_deepslate":187,"minecraft:beef":8,"minecraft:calcite":3,"minecraft:cyan_wool":7,"minecraft:player_head":1,"minecraft:furnace":7,"minecraft:egg":7,"minecraft:stick":2,"minecraft:raw_iron":145,"iceandfire:dragonbone":27,"minecraft:copper_ingot":3,"minecraft:oak_fence":3,"minecraft:spruce_fence":1,"tombstone:grave_dust":7,"minecraft:diorite":2,"minecraft:redstone":5,"iceandfire:dragon_skull_ice":1,"additionaladditions:glow_stick":2,"minecraft:honey_bottle":2,"minecraft:arrow":40,"minecraft:stone_sword":1,"minecraft:rotten_flesh":21,"minecraft:hay_block":12,"artifacts:pocket_piston":1,"minecraft:gold_ingot":1,"minecraft:mutton":6,"minecraft:cobblestone":97,"minecraft:rail":6,"minecraft:white_wool":4,"minecraft:andesite":10,"minecraft:salmon":13,"minecraft:leather":6,"minecraft:potato":1,"biomesoplenty:fir_log":55,"paraglider:spirit_orb":30,"minecraft:tuff":26,"minecraft:gunpowder":1,"minecraft:lapis_lazuli":9,"skilltree:gem":28,"minecraft:dirt":9,"minecraft:bone":39,"minecraft:apple":5,"minecraft:bow":1,"biomesoplenty:fir_boat":1,"additionaladditions:rope":6,"minecraft:raw_gold":14,"minecraft:iron_ingot":3,"tombstone:bag_of_seeds":1,"minecraft:iron_sword":1,"minecraft:oak_planks":2,"minecraft:sweet_berries":2,"minecraft:gravel":1,"minecraft:spider_eye":3,"minecraft:bundle":4,"biomesoplenty:maple_sapling":1,"pamhc2crops:huckleberryitem":1,"minecraft:diamond":20,"waystones:waystone":1,"minecraft:granite":7,"minecraft:bone_meal":1,"minecraft:golden_apple":2,"tombstone:magic_scroll":1,"minecraft:coal":78,"iceandfire:raw_silver":5},"minecraft:custom":{"minecraft:mob_kills":96,"minecraft:interact_with_crafting_table":34,"minecraft:open_barrel":21,"minecraft:eat_cake_slice":9,"minecraft:leave_game":4,"minecraft:time_since_death":201998,"minecraft:climb_one_cm":24897,"minecraft:sprint_one_cm":714419,"minecraft:walk_one_cm":442393,"minecraft:damage_blocked_by_shield":865,"minecraft:drop":21,"minecraft:talked_to_villager":2,"minecraft:play_time":203632,"minecraft:deaths":1,"minecraft:sneak_time":10708,"minecraft:walk_under_water_one_cm":10565,"minecraft:boat_one_cm":72990,"minecraft:jump":2815,"minecraft:walk_on_water_one_cm":19921,"minecraft:total_world_time":203632,"minecraft:interact_with_furnace":61,"minecraft:sleep_in_bed":4,"minecraft:time_since_rest":3399,"minecraft:waystone_activated":3,"minecraft:damage_taken":2494,"minecraft:damage_dealt":19976,"minecraft:swim_one_cm":60034,"minecraft:fly_one_cm":552175,"minecraft:open_chest":46,"minecraft:crouch_one_cm":20638,"tombstone:undead_killed":63,"minecraft:fall_one_cm":61120}},"DataVersion":3465}